"unitid","year","stabbr","carnegie_city","carnegie_name_clean"
100663,1994,"AL","birmingham","university of alabama at birmingham"
100663,2000,"AL","birmingham","university of alabama at birmingham"
100663,2005,"AL","birmingham","university of alabama at birmingham"
100663,2010,"AL","birmingham","university of alabama at birmingham"
100663,2015,"AL","birmingham","university of alabama at birmingham"
100663,2018,"AL","birmingham","university of alabama at birmingham"
100663,2021,"AL","birmingham","university of alabama at birmingham"
100706,2021,"AL","huntsville","university of alabama in huntsville"
100751,2000,"AL","tuscaloosa","the university of alabama"
100751,2018,"AL","tuscaloosa","the university of alabama"
100751,2021,"AL","tuscaloosa","the university of alabama"
100858,2000,"AL","auburn","auburn university"
100858,2018,"AL","auburn","auburn university"
100858,2021,"AL","auburn","auburn university"
104151,1994,"AZ","tempe","arizona state university"
104151,2000,"AZ","tempe","arizona state university"
104151,2005,"AZ","tempe","arizona state university"
104151,2010,"AZ","tempe","arizona state university"
104151,2015,"AZ","tempe","arizona state university tempe"
104151,2018,"AZ","tempe","arizona state university tempe"
104151,2021,"AZ","tempe","arizona state university campus immersion"
104179,1973,"AZ","tucson","university of arizona"
104179,1976,"AZ","tucson","university of arizona"
104179,1987,"AZ","tucson","university of arizona"
104179,1994,"AZ","tucson","university of arizona"
104179,2000,"AZ","tucson","university of arizona"
104179,2005,"AZ","tucson","university of arizona"
104179,2010,"AZ","tucson","university of arizona"
104179,2015,"AZ","tucson","university of arizona"
104179,2018,"AZ","tucson","university of arizona"
104179,2021,"AZ","tucson","university of arizona"
106397,2000,"AR","fayetteville","university of arkansas"
106397,2010,"AR","fayetteville","university of arkansas"
106397,2015,"AR","fayetteville","university of arkansas"
106397,2018,"AR","fayetteville","university of arkansas"
106397,2021,"AR","fayetteville","university of arkansas"
110404,1973,"CA","pasadena","california institute of technology"
110404,1976,"CA","pasadena","california institute of technology"
110404,1987,"CA","pasadena","california institute of technology"
110404,1994,"CA","pasadena","california institute of technology"
110404,2000,"CA","pasadena","california institute of technology"
110404,2005,"CA","pasadena","california institute of technology"
110404,2010,"CA","pasadena","california institute of technology"
110404,2015,"CA","pasadena","california institute of technology"
110404,2018,"CA","pasadena","california institute of technology"
110404,2021,"CA","pasadena","california institute of technology"
110635,1973,"CA","berkeley","university of california berkeley"
110635,1976,"CA","berkeley","university of california berkeley"
110635,1987,"CA","berkeley","university of california berkeley"
110635,1994,"CA","berkeley","university of california berkeley"
110635,2000,"CA","berkeley","university of california berkeley"
110635,2005,"CA","berkeley","university of california berkeley"
110635,2010,"CA","berkeley","university of california berkeley"
110635,2015,"CA","berkeley","university of california berkeley"
110635,2018,"CA","berkeley","university of california berkeley"
110635,2021,"CA","berkeley","university of california berkeley"
110644,1973,"CA","davis","university of california davis"
110644,1976,"CA","davis","university of california davis"
110644,1987,"CA","davis","university of california davis"
110644,1994,"CA","davis","university of california davis"
110644,2000,"CA","davis","university of california davis"
110644,2005,"CA","davis","university of california davis"
110644,2010,"CA","davis","university of california davis"
110644,2015,"CA","davis","university of california davis"
110644,2018,"CA","davis","university of california davis"
110644,2021,"CA","davis","university of california davis"
110653,1987,"CA","irvine","university of california irvine"
110653,1994,"CA","irvine","university of california irvine"
110653,2000,"CA","irvine","university of california irvine"
110653,2005,"CA","irvine","university of california irvine"
110653,2010,"CA","irvine","university of california irvine"
110653,2015,"CA","irvine","university of california irvine"
110653,2018,"CA","irvine","university of california irvine"
110653,2021,"CA","irvine","university of california irvine"
110662,1973,"CA","los angeles","university of california los angeles"
110662,1976,"CA","los angeles","university of california los angeles"
110662,1987,"CA","los angeles","university of california los angeles"
110662,1994,"CA","los angeles","university of california los angeles"
110662,2000,"CA","los angeles","university of california los angeles"
110662,2005,"CA","los angeles","university of california los angeles"
110662,2010,"CA","los angeles","university of california los angeles"
110662,2015,"CA","los angeles","university of california los angeles"
110662,2018,"CA","los angeles","university of california los angeles"
110662,2021,"CA","los angeles","university of california los angeles"
110671,2000,"CA","riverside","university of california riverside"
110671,2005,"CA","riverside","university of california riverside"
110671,2010,"CA","riverside","university of california riverside"
110671,2015,"CA","riverside","university of california riverside"
110671,2018,"CA","riverside","university of california riverside"
110671,2021,"CA","riverside","university of california riverside"
110680,1973,"CA","la jolla","university of california san diego"
110680,1976,"CA","la jolla","university of california san diego"
110680,1987,"CA","la jolla","university of california san diego"
110680,1994,"CA","la jolla","university of california san diego"
110680,2000,"CA","la jolla","university of california san diego"
110680,2005,"CA","la jolla","university of california san diego"
110680,2010,"CA","la jolla","university of california san diego"
110680,2015,"CA","la jolla","university of california san diego"
110680,2018,"CA","la jolla","university of california san diego"
110680,2021,"CA","la jolla","university of california san diego"
110699,1987,"CA","san francisco","university of california san francisco"
110699,1994,"CA","san francisco","university of california san francisco"
110705,1994,"CA","santa barbara","university of california santa barbara"
110705,2000,"CA","santa barbara","university of california santa barbara"
110705,2005,"CA","santa barbara","university of california santa barbara"
110705,2010,"CA","santa barbara","university of california santa barbara"
110705,2015,"CA","santa barbara","university of california santa barbara"
110705,2018,"CA","santa barbara","university of california santa barbara"
110705,2021,"CA","santa barbara","university of california santa barbara"
110714,2000,"CA","santa cruz","university of california santa cruz"
110714,2005,"CA","santa cruz","university of california santa cruz"
110714,2010,"CA","santa cruz","university of california santa cruz"
110714,2015,"CA","santa cruz","university of california santa cruz"
110714,2018,"CA","santa cruz","university of california santa cruz"
110714,2021,"CA","santa cruz","university of california santa cruz"
112251,2000,"CA","claremont","claremont graduate university"
123961,1973,"CA","los angeles","university of southern california"
123961,1976,"CA","los angeles","university of southern california"
123961,1987,"CA","los angeles","university of southern california"
123961,1994,"CA","los angeles","university of southern california"
123961,2000,"CA","los angeles","university of southern california"
123961,2005,"CA","los angeles","university of southern california"
123961,2010,"CA","los angeles","university of southern california"
123961,2015,"CA","los angeles","university of southern california"
123961,2018,"CA","los angeles","university of southern california"
123961,2021,"CA","los angeles","university of southern california"
126562,2005,"CO","denver","university of colorado at denver and health sciences center"
126562,2018,"CO","denver","university of colorado denver/anschutz medical campus"
126562,2021,"CO","denver","university of colorado denver/anschutz medical campus"
126614,1973,"CO","boulder","university of colorado boulder"
126614,1976,"CO","boulder","university of colorado boulder"
126614,1987,"CO","boulder","university of colorado boulder"
126614,1994,"CO","boulder","university of colorado boulder"
126614,2000,"CO","boulder","university of colorado boulder"
126614,2005,"CO","boulder","university of colorado boulder"
126614,2010,"CO","boulder","university of colorado boulder"
126614,2015,"CO","boulder","university of colorado boulder"
126614,2018,"CO","boulder","university of colorado boulder"
126614,2021,"CO","boulder","university of colorado boulder"
126775,2021,"CO","golden","colorado school of mines"
126818,1976,"CO","fort collins","colorado state university fort collins"
126818,1987,"CO","fort collins","colorado state university fort collins"
126818,1994,"CO","fort collins","colorado state university fort collins"
126818,2000,"CO","fort collins","colorado state university fort collins"
126818,2005,"CO","fort collins","colorado state university fort collins"
126818,2010,"CO","fort collins","colorado state university fort collins"
126818,2015,"CO","fort collins","colorado state university fort collins"
126818,2018,"CO","fort collins","colorado state university fort collins"
126818,2021,"CO","fort collins","colorado state university fort collins"
127060,2000,"CO","denver","university of denver"
127060,2021,"CO","denver","university of denver"
129020,1987,"CT","storrs","university of connecticut"
129020,1994,"CT","storrs","university of connecticut"
129020,2000,"CT","storrs","university of connecticut"
129020,2005,"CT","storrs","university of connecticut"
129020,2010,"CT","storrs","university of connecticut"
129020,2015,"CT","storrs","university of connecticut"
129020,2018,"CT","storrs","university of connecticut"
129020,2021,"CT","storrs","university of connecticut"
130794,1973,"CT","new haven","yale university"
130794,1976,"CT","new haven","yale university"
130794,1987,"CT","new haven","yale university"
130794,1994,"CT","new haven","yale university"
130794,2000,"CT","new haven","yale university"
130794,2005,"CT","new haven","yale university"
130794,2010,"CT","new haven","yale university"
130794,2015,"CT","new haven","yale university"
130794,2018,"CT","new haven","yale university"
130794,2021,"CT","new haven","yale university"
130943,2000,"DE","newark","university of delaware"
130943,2005,"DE","newark","university of delaware"
130943,2010,"DE","newark","university of delaware"
130943,2015,"DE","newark","university of delaware"
130943,2018,"DE","newark","university of delaware"
130943,2021,"DE","newark","university of delaware"
131159,2000,"DC","washington","american university"
131283,2000,"DC","washington","the catholic university of america"
131469,2000,"DC","washington","george washington university"
131469,2010,"DC","washington","george washington university"
131469,2015,"DC","washington","george washington university"
131469,2018,"DC","washington","george washington university"
131469,2021,"DC","washington","george washington university"
131496,1994,"DC","washington","georgetown university"
131496,2000,"DC","washington","georgetown university"
131496,2005,"DC","washington","georgetown university"
131496,2010,"DC","washington","georgetown university"
131496,2015,"DC","washington","georgetown university"
131496,2018,"DC","washington","georgetown university"
131496,2021,"DC","washington","georgetown university"
131520,1987,"DC","washington","howard university"
131520,1994,"DC","washington","howard university"
131520,2000,"DC","washington","howard university"
132903,2010,"FL","orlando","university of central florida"
132903,2015,"FL","orlando","university of central florida"
132903,2018,"FL","orlando","university of central florida"
132903,2021,"FL","orlando","university of central florida"
133951,2000,"FL","miami","florida international university"
133951,2015,"FL","miami","florida international university"
133951,2018,"FL","miami","florida international university"
133951,2021,"FL","miami","florida international university"
134097,1994,"FL","tallahassee","florida state university"
134097,2000,"FL","tallahassee","florida state university"
134097,2005,"FL","tallahassee","florida state university"
134097,2010,"FL","tallahassee","florida state university"
134097,2015,"FL","tallahassee","florida state university"
134097,2018,"FL","tallahassee","florida state university"
134097,2021,"FL","tallahassee","florida state university"
134130,1973,"FL","gainesville","university of florida"
134130,1976,"FL","gainesville","university of florida"
134130,1987,"FL","gainesville","university of florida"
134130,1994,"FL","gainesville","university of florida"
134130,2000,"FL","gainesville","university of florida"
134130,2005,"FL","gainesville","university of florida"
134130,2010,"FL","gainesville","university of florida"
134130,2015,"FL","gainesville","university of florida"
134130,2018,"FL","gainesville","university of florida"
134130,2021,"FL","gainesville","university of florida"
135726,1973,"FL","coral gables","university of miami"
135726,1976,"FL","coral gables","university of miami"
135726,1987,"FL","coral gables","university of miami"
135726,1994,"FL","coral gables","university of miami"
135726,2000,"FL","coral gables","university of miami"
135726,2005,"FL","coral gables","university of miami"
135726,2010,"FL","coral gables","university of miami"
135726,2015,"FL","coral gables","university of miami"
135726,2018,"FL","coral gables","university of miami"
135726,2021,"FL","coral gables","university of miami"
137351,2000,"FL","tampa","university of south florida"
137351,2005,"FL","tampa","university of south florida"
137351,2010,"FL","tampa","university of south florida"
137351,2015,"FL","tampa","university of south florida"
137351,2018,"FL","tampa","university of south florida"
137351,2021,"FL","tampa","university of south florida"
139658,1994,"GA","atlanta","emory university"
139658,2000,"GA","atlanta","emory university"
139658,2005,"GA","atlanta","emory university"
139658,2010,"GA","atlanta","emory university"
139658,2015,"GA","atlanta","emory university"
139658,2018,"GA","atlanta","emory university"
139658,2021,"GA","atlanta","emory university"
139755,1987,"GA","atlanta","georgia institute of technology main campus"
139755,1994,"GA","atlanta","georgia institute of technology main campus"
139755,2000,"GA","atlanta","georgia institute of technology main campus"
139755,2005,"GA","atlanta","georgia institute of technology main campus"
139755,2010,"GA","atlanta","georgia institute of technology main campus"
139755,2015,"GA","atlanta","georgia institute of technology main campus"
139755,2018,"GA","atlanta","georgia institute of technology main campus"
139755,2021,"GA","atlanta","georgia institute of technology main campus"
139940,2000,"GA","atlanta","georgia state university"
139940,2010,"GA","atlanta","georgia state university"
139940,2015,"GA","atlanta","georgia state university"
139940,2018,"GA","atlanta","georgia state university"
139940,2021,"GA","atlanta","georgia state university"
139959,1973,"GA","athens","university of georgia"
139959,1976,"GA","athens","university of georgia"
139959,1987,"GA","athens","university of georgia"
139959,1994,"GA","athens","university of georgia"
139959,2000,"GA","athens","university of georgia"
139959,2005,"GA","athens","university of georgia"
139959,2010,"GA","athens","university of georgia"
139959,2015,"GA","athens","university of georgia"
139959,2018,"GA","athens","university of georgia"
139959,2021,"GA","athens","university of georgia"
141574,1973,"HI","honolulu","university of hawaii at manoa"
141574,1976,"HI","honolulu","university of hawaii at manoa"
141574,1987,"HI","honolulu","university of hawaii at manoa"
141574,1994,"HI","honolulu","university of hawaii at manoa"
141574,2000,"HI","honolulu","university of hawaii at manoa"
141574,2005,"HI","honolulu","university of hawaii at manoa"
141574,2010,"HI","honolulu","university of hawaii at manoa"
141574,2015,"HI","honolulu","university of hawaii at manoa"
141574,2018,"HI","honolulu","university of hawaii at manoa"
141574,2021,"HI","honolulu","university of hawaii at manoa"
142285,2000,"ID","moscow","university of idaho"
144050,1973,"IL","chicago","university of chicago"
144050,1976,"IL","chicago","university of chicago"
144050,1987,"IL","chicago","university of chicago"
144050,1994,"IL","chicago","university of chicago"
144050,2000,"IL","chicago","university of chicago"
144050,2005,"IL","chicago","university of chicago"
144050,2010,"IL","chicago","university of chicago"
144050,2015,"IL","chicago","university of chicago"
144050,2018,"IL","chicago","university of chicago"
144050,2021,"IL","chicago","university of chicago"
145600,1987,"IL","chicago","university of illinois chicago"
145600,1994,"IL","chicago","university of illinois chicago"
145600,2000,"IL","chicago","university of illinois chicago"
145600,2005,"IL","chicago","university of illinois chicago"
145600,2010,"IL","chicago","university of illinois chicago"
145600,2015,"IL","chicago","university of illinois chicago"
145600,2018,"IL","chicago","university of illinois chicago"
145600,2021,"IL","chicago","university of illinois chicago"
145637,1973,"IL","champaign","university of illinois urbana champaign"
145637,1976,"IL","champaign","university of illinois urbana champaign"
145637,1987,"IL","champaign","university of illinois urbana champaign"
145637,1994,"IL","champaign","university of illinois urbana champaign"
145637,2000,"IL","champaign","university of illinois urbana champaign"
145637,2005,"IL","champaign","university of illinois urbana champaign"
145637,2010,"IL","champaign","university of illinois urbana champaign"
145637,2015,"IL","champaign","university of illinois urbana champaign"
145637,2018,"IL","champaign","university of illinois urbana champaign"
145637,2021,"IL","champaign","university of illinois urbana champaign"
146719,2000,"IL","chicago","loyola university chicago"
147703,2000,"IL","dekalb","northern illinois university"
147767,1973,"IL","evanston","northwestern university"
147767,1976,"IL","evanston","northwestern university"
147767,1987,"IL","evanston","northwestern university"
147767,1994,"IL","evanston","northwestern university"
147767,2000,"IL","evanston","northwestern university"
147767,2005,"IL","evanston","northwestern university"
147767,2010,"IL","evanston","northwestern university"
147767,2015,"IL","evanston","northwestern university"
147767,2018,"IL","evanston","northwestern university"
147767,2021,"IL","evanston","northwestern university"
149222,2000,"IL","carbondale","southern illinois university carbondale"
151351,1987,"IN","bloomington","indiana university bloomington"
151351,1994,"IN","bloomington","indiana university bloomington"
151351,2000,"IN","bloomington","indiana university bloomington"
151351,2005,"IN","bloomington","indiana university bloomington"
151351,2010,"IN","bloomington","indiana university bloomington"
151351,2015,"IN","bloomington","indiana university bloomington"
151351,2018,"IN","bloomington","indiana university bloomington"
151351,2021,"IN","bloomington","indiana university bloomington"
152080,2000,"IN","notre dame","university of notre dame"
152080,2005,"IN","notre dame","university of notre dame"
152080,2010,"IN","notre dame","university of notre dame"
152080,2015,"IN","notre dame","university of notre dame"
152080,2018,"IN","notre dame","university of notre dame"
152080,2021,"IN","notre dame","university of notre dame"
153603,1994,"IA","ames","iowa state university"
153603,2000,"IA","ames","iowa state university"
153603,2005,"IA","ames","iowa state university"
153603,2010,"IA","ames","iowa state university"
153603,2015,"IA","ames","iowa state university"
153603,2018,"IA","ames","iowa state university"
153603,2021,"IA","ames","iowa state university"
153658,1973,"IA","iowa city","university of iowa"
153658,1976,"IA","iowa city","university of iowa"
153658,1987,"IA","iowa city","university of iowa"
153658,1994,"IA","iowa city","university of iowa"
153658,2000,"IA","iowa city","university of iowa"
153658,2005,"IA","iowa city","university of iowa"
153658,2010,"IA","iowa city","university of iowa"
153658,2015,"IA","iowa city","university of iowa"
153658,2018,"IA","iowa city","university of iowa"
153658,2021,"IA","iowa city","university of iowa"
155317,1994,"KS","lawrence","university of kansas"
155317,2000,"KS","lawrence","university of kansas"
155317,2005,"KS","lawrence","university of kansas"
155317,2010,"KS","lawrence","university of kansas"
155317,2015,"KS","lawrence","university of kansas"
155317,2018,"KS","lawrence","university of kansas"
155317,2021,"KS","lawrence","university of kansas"
155399,2000,"KS","manhattan","kansas state university"
155399,2005,"KS","manhattan","kansas state university"
155399,2015,"KS","manhattan","kansas state university"
155399,2018,"KS","manhattan","kansas state university"
155399,2021,"KS","manhattan","kansas state university"
157085,1973,"KY","lexington","university of kentucky"
157085,1987,"KY","lexington","university of kentucky"
157085,1994,"KY","lexington","university of kentucky"
157085,2000,"KY","lexington","university of kentucky"
157085,2005,"KY","lexington","university of kentucky"
157085,2010,"KY","lexington","university of kentucky"
157085,2015,"KY","lexington","university of kentucky"
157085,2018,"KY","lexington","university of kentucky"
157085,2021,"KY","lexington","university of kentucky"
157289,2000,"KY","louisville","university of louisville"
157289,2010,"KY","louisville","university of louisville"
157289,2015,"KY","louisville","university of louisville"
157289,2018,"KY","louisville","university of louisville"
157289,2021,"KY","louisville","university of louisville"
159391,1987,"LA","baton rouge","louisiana state university and agricultural and mechanical college"
159391,1994,"LA","baton rouge","louisiana state university and agricultural and mechanical college"
159391,2000,"LA","baton rouge","louisiana state university and agricultural and mechanical college"
159391,2005,"LA","baton rouge","louisiana state university and agricultural and mechanical college"
159391,2010,"LA","baton rouge","louisiana state university and agricultural and mechanical college"
159391,2015,"LA","baton rouge","louisiana state university and agricultural and mechanical college"
159391,2018,"LA","baton rouge","louisiana state university and agricultural and mechanical college"
159391,2021,"LA","baton rouge","louisiana state university and agricultural and mechanical college"
160658,2021,"LA","lafayette","university of louisiana at lafayette"
160755,2000,"LA","new orleans","tulane university of louisiana"
160755,2005,"LA","new orleans","tulane university of louisiana"
160755,2010,"LA","new orleans","tulane university of louisiana"
160755,2015,"LA","new orleans","tulane university of louisiana"
160755,2018,"LA","new orleans","tulane university of louisiana"
160755,2021,"LA","new orleans","tulane university of louisiana"
161253,2000,"ME","orono","university of maine"
161253,2021,"ME","orono","university of maine"
162928,1973,"MD","baltimore","johns hopkins university"
162928,1976,"MD","baltimore","johns hopkins university"
162928,1987,"MD","baltimore","johns hopkins university"
162928,1994,"MD","baltimore","johns hopkins university"
162928,2000,"MD","baltimore","johns hopkins university"
162928,2005,"MD","baltimore","johns hopkins university"
162928,2010,"MD","baltimore","johns hopkins university"
162928,2015,"MD","baltimore","johns hopkins university"
162928,2018,"MD","baltimore","johns hopkins university"
162928,2021,"MD","baltimore","johns hopkins university"
163268,2000,"MD","baltimore","university of maryland baltimore county"
163268,2021,"MD","baltimore","university of maryland baltimore county"
163286,1973,"MD","college park","university of maryland college park"
163286,1976,"MD","college park","university of maryland college park"
163286,1987,"MD","college park","university of maryland college park"
163286,1994,"MD","college park","university of maryland college park"
163286,2000,"MD","college park","university of maryland college park"
163286,2005,"MD","college park","university of maryland college park"
163286,2010,"MD","college park","university of maryland college park"
163286,2015,"MD","college park","university of maryland college park"
163286,2018,"MD","college park","university of maryland college park"
163286,2021,"MD","college park","university of maryland college park"
164924,2000,"MA","chestnut hill","boston college"
164924,2015,"MA","chestnut hill","boston college"
164924,2018,"MA","chestnut hill","boston college"
164924,2021,"MA","chestnut hill","boston college"
164988,1976,"MA","boston","boston university"
164988,1987,"MA","boston","boston university"
164988,1994,"MA","boston","boston university"
164988,2000,"MA","boston","boston university"
164988,2005,"MA","boston","boston university"
164988,2010,"MA","boston","boston university"
164988,2015,"MA","boston","boston university"
164988,2018,"MA","boston","boston university"
164988,2021,"MA","boston","boston university"
165015,2000,"MA","waltham","brandeis university"
165015,2005,"MA","waltham","brandeis university"
165015,2010,"MA","waltham","brandeis university"
165015,2015,"MA","waltham","brandeis university"
165015,2018,"MA","waltham","brandeis university"
165015,2021,"MA","waltham","brandeis university"
166027,1973,"MA","cambridge","harvard university"
166027,1976,"MA","cambridge","harvard university"
166027,1987,"MA","cambridge","harvard university"
166027,1994,"MA","cambridge","harvard university"
166027,2000,"MA","cambridge","harvard university"
166027,2005,"MA","cambridge","harvard university"
166027,2010,"MA","cambridge","harvard university"
166027,2015,"MA","cambridge","harvard university"
166027,2018,"MA","cambridge","harvard university"
166027,2021,"MA","cambridge","harvard university"
166629,1994,"MA","amherst","university of massachusetts amherst"
166629,2000,"MA","amherst","university of massachusetts amherst"
166629,2005,"MA","amherst","university of massachusetts amherst"
166629,2010,"MA","amherst","university of massachusetts amherst"
166629,2015,"MA","amherst","university of massachusetts amherst"
166629,2018,"MA","amherst","university of massachusetts amherst"
166629,2021,"MA","amherst","university of massachusetts amherst"
166683,1973,"MA","cambridge","massachusetts institute of technology"
166683,1976,"MA","cambridge","massachusetts institute of technology"
166683,1987,"MA","cambridge","massachusetts institute of technology"
166683,1994,"MA","cambridge","massachusetts institute of technology"
166683,2000,"MA","cambridge","massachusetts institute of technology"
166683,2005,"MA","cambridge","massachusetts institute of technology"
166683,2010,"MA","cambridge","massachusetts institute of technology"
166683,2015,"MA","cambridge","massachusetts institute of technology"
166683,2018,"MA","cambridge","massachusetts institute of technology"
166683,2021,"MA","cambridge","massachusetts institute of technology"
167358,2000,"MA","boston","northeastern university"
167358,2015,"MA","boston","northeastern university"
167358,2018,"MA","boston","northeastern university"
167358,2021,"MA","boston","northeastern university"
168148,1994,"MA","medford","tufts university"
168148,2000,"MA","medford","tufts university"
168148,2005,"MA","medford","tufts university"
168148,2010,"MA","medford","tufts university"
168148,2015,"MA","medford","tufts university"
168148,2018,"MA","medford","tufts university"
168148,2021,"MA","medford","tufts university"
170976,1973,"MI","ann arbor","university of michigan ann arbor"
170976,1976,"MI","ann arbor","university of michigan ann arbor"
170976,1987,"MI","ann arbor","university of michigan ann arbor"
170976,1994,"MI","ann arbor","university of michigan ann arbor"
170976,2000,"MI","ann arbor","university of michigan ann arbor"
170976,2005,"MI","ann arbor","university of michigan ann arbor"
170976,2010,"MI","ann arbor","university of michigan ann arbor"
170976,2015,"MI","ann arbor","university of michigan ann arbor"
170976,2018,"MI","ann arbor","university of michigan ann arbor"
170976,2021,"MI","ann arbor","university of michigan ann arbor"
171100,1973,"MI","east lansing","michigan state university"
171100,1976,"MI","east lansing","michigan state university"
171100,1987,"MI","east lansing","michigan state university"
171100,1994,"MI","east lansing","michigan state university"
171100,2000,"MI","east lansing","michigan state university"
171100,2005,"MI","east lansing","michigan state university"
171100,2010,"MI","east lansing","michigan state university"
171100,2015,"MI","east lansing","michigan state university"
171100,2018,"MI","east lansing","michigan state university"
171100,2021,"MI","east lansing","michigan state university"
172644,1994,"MI","detroit","wayne state university"
172644,2000,"MI","detroit","wayne state university"
172644,2005,"MI","detroit","wayne state university"
172644,2010,"MI","detroit","wayne state university"
172644,2015,"MI","detroit","wayne state university"
172644,2018,"MI","detroit","wayne state university"
172644,2021,"MI","detroit","wayne state university"
172699,2000,"MI","kalamazoo","western michigan university"
174066,1973,"MN","minneapolis","university of minnesota twin cities"
174066,1976,"MN","minneapolis","university of minnesota twin cities"
174066,1987,"MN","minneapolis","university of minnesota twin cities"
174066,1994,"MN","minneapolis","university of minnesota twin cities"
174066,2000,"MN","minneapolis","university of minnesota twin cities"
174066,2005,"MN","minneapolis","university of minnesota twin cities"
174066,2010,"MN","minneapolis","university of minnesota twin cities"
174066,2015,"MN","minneapolis","university of minnesota twin cities"
174066,2018,"MN","minneapolis","university of minnesota twin cities"
174066,2021,"MN","minneapolis","university of minnesota twin cities"
176017,2000,"MS","university","university of mississippi"
176017,2015,"MS","university","university of mississippi"
176017,2018,"MS","university","university of mississippi"
176017,2021,"MS","university","university of mississippi"
176080,2000,"MS","mississippi state","mississippi state university"
176080,2010,"MS","mississippi state","mississippi state university"
176080,2018,"MS","mississippi state","mississippi state university"
176080,2021,"MS","mississippi state","mississippi state university"
176372,2000,"MS","hattiesburg","university of southern mississippi"
176372,2018,"MS","hattiesburg","university of southern mississippi"
176372,2021,"MS","hattiesburg","university of southern mississippi"
178396,1973,"MO","columbia","university of missouri columbia"
178396,1976,"MO","columbia","university of missouri columbia"
178396,1987,"MO","columbia","university of missouri columbia"
178396,1994,"MO","columbia","university of missouri columbia"
178396,2000,"MO","columbia","university of missouri columbia"
178396,2005,"MO","columbia","university of missouri columbia"
178396,2010,"MO","columbia","university of missouri columbia"
178396,2015,"MO","columbia","university of missouri columbia"
178396,2018,"MO","columbia","university of missouri columbia"
178396,2021,"MO","columbia","university of missouri columbia"
179159,2000,"MO","saint louis","saint louis university"
179867,1973,"MO","saint louis","washington university in st louis"
179867,1976,"MO","saint louis","washington university in st louis"
179867,1987,"MO","saint louis","washington university in st louis"
179867,1994,"MO","saint louis","washington university in st louis"
179867,2000,"MO","saint louis","washington university in st louis"
179867,2005,"MO","saint louis","washington university in st louis"
179867,2010,"MO","saint louis","washington university in st louis"
179867,2015,"MO","saint louis","washington university in st louis"
179867,2018,"MO","saint louis","washington university in st louis"
179867,2021,"MO","saint louis","washington university in st louis"
180461,2005,"MT","bozeman","montana state university"
180461,2010,"MT","bozeman","montana state university"
180461,2018,"MT","bozeman","montana state university"
180461,2021,"MT","bozeman","montana state university"
180489,2021,"MT","missoula","the university of montana"
181464,1994,"NE","lincoln","university of nebraska lincoln"
181464,2000,"NE","lincoln","university of nebraska lincoln"
181464,2005,"NE","lincoln","university of nebraska lincoln"
181464,2010,"NE","lincoln","university of nebraska lincoln"
181464,2015,"NE","lincoln","university of nebraska lincoln"
181464,2018,"NE","lincoln","university of nebraska lincoln"
181464,2021,"NE","lincoln","university of nebraska lincoln"
182281,2018,"NV","las vegas","university of nevada las vegas"
182281,2021,"NV","las vegas","university of nevada las vegas"
182290,2000,"NV","reno","university of nevada reno"
182290,2018,"NV","reno","university of nevada reno"
182290,2021,"NV","reno","university of nevada reno"
182670,2005,"NH","hanover","dartmouth college"
182670,2010,"NH","hanover","dartmouth college"
182670,2018,"NH","hanover","dartmouth college"
182670,2021,"NH","hanover","dartmouth college"
183044,2000,"NH","durham","university of new hampshire"
183044,2018,"NH","durham","university of new hampshire"
183044,2021,"NH","durham","university of new hampshire"
185828,2018,"NJ","newark","new jersey institute of technology"
185828,2021,"NJ","newark","new jersey institute of technology"
186131,1973,"NJ","princeton","princeton university"
186131,1976,"NJ","princeton","princeton university"
186131,1987,"NJ","princeton","princeton university"
186131,1994,"NJ","princeton","princeton university"
186131,2000,"NJ","princeton","princeton university"
186131,2005,"NJ","princeton","princeton university"
186131,2010,"NJ","princeton","princeton university"
186131,2015,"NJ","princeton","princeton university"
186131,2018,"NJ","princeton","princeton university"
186131,2021,"NJ","princeton","princeton university"
186380,1973,"NJ","new brunswick","rutgers university new brunswick"
186380,1987,"NJ","new brunswick","rutgers university new brunswick"
186380,1994,"NJ","new brunswick","rutgers university new brunswick"
186380,2000,"NJ","new brunswick","rutgers university new brunswick"
186380,2005,"NJ","new brunswick","rutgers university new brunswick"
186380,2010,"NJ","new brunswick","rutgers university new brunswick"
186380,2015,"NJ","new brunswick","rutgers university new brunswick"
186380,2018,"NJ","new brunswick","rutgers university new brunswick"
186380,2021,"NJ","new brunswick","rutgers university new brunswick"
187985,1987,"NM","albuquerque","university of new mexico"
187985,1994,"NM","albuquerque","university of new mexico"
187985,2000,"NM","albuquerque","university of new mexico"
187985,2005,"NM","albuquerque","university of new mexico"
187985,2010,"NM","albuquerque","university of new mexico"
187985,2015,"NM","albuquerque","university of new mexico"
187985,2018,"NM","albuquerque","university of new mexico"
187985,2021,"NM","albuquerque","university of new mexico"
188030,1987,"NM","las cruces","new mexico state university"
188030,1994,"NM","las cruces","new mexico state university"
188030,2000,"NM","las cruces","new mexico state university"
190150,1973,"NY","new york","columbia university in the city of new york"
190150,1976,"NY","new york","columbia university in the city of new york"
190150,1987,"NY","new york","columbia university in the city of new york"
190150,1994,"NY","new york","columbia university in the city of new york"
190150,2000,"NY","new york","columbia university in the city of new york"
190150,2005,"NY","new york","columbia university in the city of new york"
190150,2010,"NY","new york","columbia university in the city of new york"
190150,2015,"NY","new york","columbia university in the city of new york"
190150,2018,"NY","new york","columbia university in the city of new york"
190150,2021,"NY","new york","columbia university in the city of new york"
190415,1973,"NY","ithaca","cornell university"
190415,1976,"NY","ithaca","cornell university"
190415,1987,"NY","ithaca","cornell university"
190415,1994,"NY","ithaca","cornell university"
190415,2000,"NY","ithaca","cornell university"
190415,2005,"NY","ithaca","cornell university"
190415,2010,"NY","ithaca","cornell university"
190415,2015,"NY","ithaca","cornell university"
190415,2018,"NY","ithaca","cornell university"
190415,2021,"NY","ithaca","cornell university"
190576,2000,"NY","new york","cuny graduate school and university center"
190576,2010,"NY","new york","cuny graduate school and university center"
190576,2015,"NY","new york","cuny graduate school and university center"
190576,2018,"NY","new york","cuny graduate school and university center"
190576,2021,"NY","new york","cuny graduate school and university center"
191241,2000,"NY","bronx","fordham university"
193900,1973,"NY","new york","new york university"
193900,1976,"NY","new york","new york university"
193900,1987,"NY","new york","new york university"
193900,1994,"NY","new york","new york university"
193900,2000,"NY","new york","new york university"
193900,2005,"NY","new york","new york university"
193900,2010,"NY","new york","new york university"
193900,2015,"NY","new york","new york university"
193900,2018,"NY","new york","new york university"
193900,2021,"NY","new york","new york university"
194824,2000,"NY","troy","rensselaer polytechnic institute"
194824,2005,"NY","troy","rensselaer polytechnic institute"
194824,2010,"NY","troy","rensselaer polytechnic institute"
194824,2018,"NY","troy","rensselaer polytechnic institute"
194824,2021,"NY","troy","rensselaer polytechnic institute"
195030,1973,"NY","rochester","university of rochester"
195030,1976,"NY","rochester","university of rochester"
195030,1987,"NY","rochester","university of rochester"
195030,1994,"NY","rochester","university of rochester"
195030,2000,"NY","rochester","university of rochester"
195030,2005,"NY","rochester","university of rochester"
195030,2010,"NY","rochester","university of rochester"
195030,2015,"NY","rochester","university of rochester"
195030,2018,"NY","rochester","university of rochester"
195030,2021,"NY","rochester","university of rochester"
195049,1973,"NY","new york","rockefeller university"
195049,1976,"NY","new york","rockefeller university"
195049,1987,"NY","new york","rockefeller university"
195049,1994,"NY","new york","rockefeller university"
196060,2000,"NY","albany","suny at albany"
196060,2005,"NY","albany","suny at albany"
196060,2010,"NY","albany","suny at albany"
196060,2015,"NY","albany","suny at albany"
196060,2018,"NY","albany","suny at albany"
196060,2021,"NY","albany","suny at albany"
196079,2000,"NY","vestal","suny at binghamton"
196079,2018,"NY","vestal","binghamton university"
196079,2021,"NY","vestal","binghamton university"
196088,1994,"NY","buffalo","suny at buffalo"
196088,2000,"NY","buffalo","suny at buffalo"
196088,2005,"NY","buffalo","suny at buffalo"
196088,2010,"NY","buffalo","university at buffalo"
196088,2015,"NY","buffalo","university at buffalo"
196088,2018,"NY","buffalo","university at buffalo"
196088,2021,"NY","buffalo","university at buffalo"
196097,1987,"NY","stony brook","suny at stony brook"
196097,1994,"NY","stony brook","suny at stony brook"
196097,2000,"NY","stony brook","suny at stony brook"
196097,2005,"NY","stony brook","suny at stony brook"
196097,2010,"NY","stony brook","stony brook university"
196097,2015,"NY","stony brook","stony brook university"
196097,2018,"NY","stony brook","stony brook university"
196097,2021,"NY","stony brook","stony brook university"
196413,2000,"NY","syracuse","syracuse university"
196413,2015,"NY","syracuse","syracuse university"
196413,2018,"NY","syracuse","syracuse university"
196413,2021,"NY","syracuse","syracuse university"
196468,2000,"NY","new york","teachers college at columbia university"
197708,1973,"NY","new york","yeshiva university"
197708,1976,"NY","new york","yeshiva university"
197708,1987,"NY","new york","yeshiva university"
197708,1994,"NY","new york","yeshiva university"
197708,2000,"NY","new york","yeshiva university"
197708,2005,"NY","new york","yeshiva university"
197708,2010,"NY","new york","yeshiva university"
198419,1973,"NC","durham","duke university"
198419,1976,"NC","durham","duke university"
198419,1987,"NC","durham","duke university"
198419,1994,"NC","durham","duke university"
198419,2000,"NC","durham","duke university"
198419,2005,"NC","durham","duke university"
198419,2010,"NC","durham","duke university"
198419,2015,"NC","durham","duke university"
198419,2018,"NC","durham","duke university"
198419,2021,"NC","durham","duke university"
199120,1973,"NC","chapel hill","university of north carolina at chapel hill"
199120,1976,"NC","chapel hill","university of north carolina at chapel hill"
199120,1987,"NC","chapel hill","university of north carolina at chapel hill"
199120,1994,"NC","chapel hill","university of north carolina at chapel hill"
199120,2000,"NC","chapel hill","university of north carolina at chapel hill"
199120,2005,"NC","chapel hill","university of north carolina at chapel hill"
199120,2010,"NC","chapel hill","university of north carolina at chapel hill"
199120,2015,"NC","chapel hill","university of north carolina at chapel hill"
199120,2018,"NC","chapel hill","university of north carolina at chapel hill"
199120,2021,"NC","chapel hill","university of north carolina at chapel hill"
199193,1973,"NC","raleigh","north carolina state university at raleigh"
199193,1976,"NC","raleigh","north carolina state university at raleigh"
199193,1987,"NC","raleigh","north carolina state university at raleigh"
199193,1994,"NC","raleigh","north carolina state university at raleigh"
199193,2000,"NC","raleigh","north carolina state university at raleigh"
199193,2005,"NC","raleigh","north carolina state university at raleigh"
199193,2010,"NC","raleigh","north carolina state university at raleigh"
199193,2015,"NC","raleigh","north carolina state university at raleigh"
199193,2018,"NC","raleigh","north carolina state university at raleigh"
199193,2021,"NC","raleigh","north carolina state university at raleigh"
200332,2010,"ND","fargo","north dakota state university"
200332,2021,"ND","fargo","north dakota state university"
201645,1973,"OH","cleveland","case western reserve university"
201645,1976,"OH","cleveland","case western reserve university"
201645,1987,"OH","cleveland","case western reserve university"
201645,1994,"OH","cleveland","case western reserve university"
201645,2000,"OH","cleveland","case western reserve university"
201645,2005,"OH","cleveland","case western reserve university"
201645,2010,"OH","cleveland","case western reserve university"
201645,2015,"OH","cleveland","case western reserve university"
201645,2018,"OH","cleveland","case western reserve university"
201645,2021,"OH","cleveland","case western reserve university"
201885,1987,"OH","cincinnati","university of cincinnati"
201885,1994,"OH","cincinnati","university of cincinnati"
201885,2000,"OH","cincinnati","university of cincinnati"
201885,2005,"OH","cincinnati","university of cincinnati"
201885,2010,"OH","cincinnati","university of cincinnati"
201885,2015,"OH","cincinnati","university of cincinnati"
201885,2018,"OH","cincinnati","university of cincinnati"
201885,2021,"OH","cincinnati","university of cincinnati"
203517,2000,"OH","kent","kent state university at kent"
203517,2021,"OH","kent","kent state university at kent"
204796,1973,"OH","columbus","ohio state university main campus"
204796,1976,"OH","columbus","ohio state university main campus"
204796,1987,"OH","columbus","ohio state university main campus"
204796,1994,"OH","columbus","ohio state university main campus"
204796,2000,"OH","columbus","ohio state university main campus"
204796,2005,"OH","columbus","ohio state university main campus"
204796,2010,"OH","columbus","ohio state university main campus"
204796,2015,"OH","columbus","ohio state university main campus"
204796,2018,"OH","columbus","ohio state university main campus"
204796,2021,"OH","columbus","ohio state university main campus"
204857,2000,"OH","athens","ohio university main campus"
204857,2021,"OH","athens","ohio university main campus"
206084,2000,"OH","toledo","university of toledo"
207388,2000,"OK","stillwater","oklahoma state university main campus"
207388,2018,"OK","stillwater","oklahoma state university main campus"
207388,2021,"OK","stillwater","oklahoma state university main campus"
207500,2000,"OK","norman","university of oklahoma norman campus"
207500,2010,"OK","norman","university of oklahoma norman campus"
207500,2015,"OK","norman","university of oklahoma norman campus"
207500,2018,"OK","norman","university of oklahoma norman campus"
207500,2021,"OK","norman","university of oklahoma norman campus"
209542,1976,"OR","corvallis","oregon state university"
209542,1987,"OR","corvallis","oregon state university"
209542,1994,"OR","corvallis","oregon state university"
209542,2000,"OR","corvallis","oregon state university"
209542,2005,"OR","corvallis","oregon state university"
209542,2010,"OR","corvallis","oregon state university"
209542,2015,"OR","corvallis","oregon state university"
209542,2018,"OR","corvallis","oregon state university"
209542,2021,"OR","corvallis","oregon state university"
209551,2000,"OR","eugene","university of oregon"
209551,2015,"OR","eugene","university of oregon"
209551,2018,"OR","eugene","university of oregon"
209551,2021,"OR","eugene","university of oregon"
211440,1987,"PA","pittsburgh","carnegie mellon university"
211440,1994,"PA","pittsburgh","carnegie mellon university"
211440,2000,"PA","pittsburgh","carnegie mellon university"
211440,2005,"PA","pittsburgh","carnegie mellon university"
211440,2010,"PA","pittsburgh","carnegie mellon university"
211440,2015,"PA","pittsburgh","carnegie mellon university"
211440,2018,"PA","pittsburgh","carnegie mellon university"
211440,2021,"PA","pittsburgh","carnegie mellon university"
212054,2018,"PA","philadelphia","drexel university"
212054,2021,"PA","philadelphia","drexel university"
213543,2000,"PA","bethlehem","lehigh university"
214777,1973,"PA","university park","pennsylvania state university main campus"
214777,1976,"PA","university park","pennsylvania state university main campus"
214777,1987,"PA","university park","pennsylvania state university main campus"
214777,1994,"PA","university park","pennsylvania state university main campus"
214777,2000,"PA","university park","pennsylvania state university main campus"
214777,2005,"PA","university park","pennsylvania state university main campus"
214777,2010,"PA","university park","pennsylvania state university main campus"
214777,2015,"PA","university park","pennsylvania state university main campus"
214777,2018,"PA","university park","pennsylvania state university main campus"
215062,1973,"PA","philadelphia","university of pennsylvania"
215062,1976,"PA","philadelphia","university of pennsylvania"
215062,1987,"PA","philadelphia","university of pennsylvania"
215062,1994,"PA","philadelphia","university of pennsylvania"
215062,2000,"PA","philadelphia","university of pennsylvania"
215062,2005,"PA","philadelphia","university of pennsylvania"
215062,2010,"PA","philadelphia","university of pennsylvania"
215062,2015,"PA","philadelphia","university of pennsylvania"
215062,2018,"PA","philadelphia","university of pennsylvania"
215062,2021,"PA","philadelphia","university of pennsylvania"
215293,1973,"PA","pittsburgh","university of pittsburgh pittsburgh campus"
215293,1976,"PA","pittsburgh","university of pittsburgh pittsburgh campus"
215293,1987,"PA","pittsburgh","university of pittsburgh pittsburgh campus"
215293,1994,"PA","pittsburgh","university of pittsburgh pittsburgh campus"
215293,2000,"PA","pittsburgh","university of pittsburgh pittsburgh campus"
215293,2005,"PA","pittsburgh","university of pittsburgh pittsburgh campus"
215293,2010,"PA","pittsburgh","university of pittsburgh pittsburgh campus"
215293,2015,"PA","pittsburgh","university of pittsburgh pittsburgh campus"
215293,2018,"PA","pittsburgh","university of pittsburgh pittsburgh campus"
215293,2021,"PA","pittsburgh","university of pittsburgh pittsburgh campus"
216339,1994,"PA","philadelphia","temple university"
216339,2000,"PA","philadelphia","temple university"
216339,2015,"PA","philadelphia","temple university"
216339,2018,"PA","philadelphia","temple university"
216339,2021,"PA","philadelphia","temple university"
217156,1994,"RI","providence","brown university"
217156,2000,"RI","providence","brown university"
217156,2005,"RI","providence","brown university"
217156,2010,"RI","providence","brown university"
217156,2015,"RI","providence","brown university"
217156,2018,"RI","providence","brown university"
217156,2021,"RI","providence","brown university"
217484,2000,"RI","kingston","university of rhode island"
217882,2000,"SC","clemson","clemson university"
217882,2015,"SC","clemson","clemson university"
217882,2018,"SC","clemson","clemson university"
217882,2021,"SC","clemson","clemson university"
218663,2000,"SC","columbia","university of south carolina columbia"
218663,2005,"SC","columbia","university of south carolina columbia"
218663,2010,"SC","columbia","university of south carolina columbia"
218663,2015,"SC","columbia","university of south carolina columbia"
218663,2018,"SC","columbia","university of south carolina columbia"
218663,2021,"SC","columbia","university of south carolina columbia"
220862,2000,"TN","memphis","university of memphis"
220862,2021,"TN","memphis","university of memphis"
221759,1973,"TN","knoxville","the university of tennessee knoxville"
221759,1987,"TN","knoxville","the university of tennessee knoxville"
221759,1994,"TN","knoxville","the university of tennessee knoxville"
221759,2000,"TN","knoxville","the university of tennessee knoxville"
221759,2005,"TN","knoxville","the university of tennessee knoxville"
221759,2010,"TN","knoxville","the university of tennessee knoxville"
221759,2015,"TN","knoxville","the university of tennessee knoxville"
221759,2018,"TN","knoxville","the university of tennessee knoxville"
221759,2021,"TN","knoxville","the university of tennessee knoxville"
221999,1973,"TN","nashville","vanderbilt university"
221999,1987,"TN","nashville","vanderbilt university"
221999,1994,"TN","nashville","vanderbilt university"
221999,2000,"TN","nashville","vanderbilt university"
221999,2005,"TN","nashville","vanderbilt university"
221999,2010,"TN","nashville","vanderbilt university"
221999,2015,"TN","nashville","vanderbilt university"
221999,2018,"TN","nashville","vanderbilt university"
221999,2021,"TN","nashville","vanderbilt university"
223232,2021,"TX","waco","baylor university"
225511,2000,"TX","houston","university of houston"
225511,2010,"TX","houston","university of houston"
225511,2015,"TX","houston","university of houston"
225511,2018,"TX","houston","university of houston"
225511,2021,"TX","houston","university of houston"
227216,2000,"TX","denton","university of north texas"
227216,2015,"TX","denton","university of north texas"
227216,2018,"TX","denton","university of north texas"
227216,2021,"TX","denton","university of north texas"
227757,2000,"TX","houston","rice university"
227757,2005,"TX","houston","rice university"
227757,2010,"TX","houston","rice university"
227757,2015,"TX","houston","rice university"
227757,2018,"TX","houston","rice university"
227757,2021,"TX","houston","rice university"
228246,2000,"TX","dallas","southern methodist university"
228723,1973,"TX","college station","texas a and m university college station"
228723,1976,"TX","college station","texas a and m university college station"
228723,1987,"TX","college station","texas a and m university college station"
228723,1994,"TX","college station","texas a and m university college station"
228723,2000,"TX","college station","texas a and m university college station"
228723,2005,"TX","college station","texas a and m university college station"
228723,2010,"TX","college station","texas a and m university college station"
228723,2015,"TX","college station","texas a and m university college station"
228723,2018,"TX","college station","texas a and m university college station"
228723,2021,"TX","college station","texas a and m university college station"
228769,2000,"TX","arlington","the university of texas at arlington"
228769,2015,"TX","arlington","the university of texas at arlington"
228769,2018,"TX","arlington","the university of texas at arlington"
228769,2021,"TX","arlington","the university of texas at arlington"
228778,1973,"TX","austin","the university of texas at austin"
228778,1976,"TX","austin","the university of texas at austin"
228778,1987,"TX","austin","the university of texas at austin"
228778,1994,"TX","austin","the university of texas at austin"
228778,2000,"TX","austin","the university of texas at austin"
228778,2005,"TX","austin","the university of texas at austin"
228778,2010,"TX","austin","the university of texas at austin"
228778,2015,"TX","austin","the university of texas at austin"
228778,2018,"TX","austin","the university of texas at austin"
228778,2021,"TX","austin","the university of texas at austin"
228787,2015,"TX","richardson","the university of texas at dallas"
228787,2018,"TX","richardson","the university of texas at dallas"
228787,2021,"TX","richardson","the university of texas at dallas"
228796,2018,"TX","el paso","the university of texas at el paso"
228796,2021,"TX","el paso","the university of texas at el paso"
229027,2021,"TX","san antonio","the university of texas at san antonio"
229115,2000,"TX","lubbock","texas tech university"
229115,2015,"TX","lubbock","texas tech university"
229115,2018,"TX","lubbock","texas tech university"
229115,2021,"TX","lubbock","texas tech university"
230038,2000,"UT","provo","brigham young university"
230728,1994,"UT","logan","utah state university"
230728,2000,"UT","logan","utah state university"
230728,2021,"UT","logan","utah state university"
230764,1973,"UT","salt lake city","university of utah"
230764,1976,"UT","salt lake city","university of utah"
230764,1987,"UT","salt lake city","university of utah"
230764,1994,"UT","salt lake city","university of utah"
230764,2000,"UT","salt lake city","university of utah"
230764,2005,"UT","salt lake city","university of utah"
230764,2010,"UT","salt lake city","university of utah"
230764,2015,"UT","salt lake city","university of utah"
230764,2018,"UT","salt lake city","university of utah"
230764,2021,"UT","salt lake city","university of utah"
231174,2000,"VT","burlington","university of vermont"
232186,2015,"VA","fairfax","george mason university"
232186,2018,"VA","fairfax","george mason university"
232186,2021,"VA","fairfax","george mason university"
232982,2000,"VA","norfolk","old dominion university"
232982,2021,"VA","norfolk","old dominion university"
233921,1987,"VA","blacksburg","virginia polytechnic institute and state university"
233921,1994,"VA","blacksburg","virginia polytechnic institute and state university"
233921,2000,"VA","blacksburg","virginia polytechnic institute and state university"
233921,2005,"VA","blacksburg","virginia polytechnic institute and state university"
233921,2010,"VA","blacksburg","virginia polytechnic institute and state university"
233921,2015,"VA","blacksburg","virginia polytechnic institute and state university"
233921,2018,"VA","blacksburg","virginia polytechnic institute and state university"
233921,2021,"VA","blacksburg","virginia polytechnic institute and state university"
234030,1994,"VA","richmond","virginia commonwealth university"
234030,2000,"VA","richmond","virginia commonwealth university"
234030,2015,"VA","richmond","virginia commonwealth university"
234030,2018,"VA","richmond","virginia commonwealth university"
234030,2021,"VA","richmond","virginia commonwealth university"
234076,1987,"TX","charlottesville","university of virginia main campus"
234076,1994,"VA","charlottesville","university of virginia main campus"
234076,2000,"VA","charlottesville","university of virginia main campus"
234076,2005,"VA","charlottesville","university of virginia main campus"
234076,2010,"VA","charlottesville","university of virginia main campus"
234076,2015,"VA","charlottesville","university of virginia main campus"
234076,2018,"VA","charlottesville","university of virginia main campus"
234076,2021,"VA","charlottesville","university of virginia main campus"
236939,2000,"WA","pullman","washington state university"
236939,2005,"WA","pullman","washington state university"
236939,2010,"WA","pullman","washington state university"
236939,2015,"WA","pullman","washington state university"
236939,2018,"WA","pullman","washington state university"
236939,2021,"WA","pullman","washington state university"
236948,1973,"WA","seattle","university of washington seattle campus"
236948,1976,"WA","seattle","university of washington seattle campus"
236948,1987,"WA","seattle","university of washington seattle campus"
236948,1994,"WA","seattle","university of washington seattle campus"
236948,2000,"WA","seattle","university of washington seattle campus"
236948,2005,"WA","seattle","university of washington seattle campus"
236948,2010,"WA","seattle","university of washington seattle campus"
236948,2015,"WA","seattle","university of washington seattle campus"
236948,2018,"WA","seattle","university of washington seattle campus"
236948,2021,"WA","seattle","university of washington seattle campus"
238032,1994,"WV","morgantown","west virginia university"
238032,2000,"WV","morgantown","west virginia university"
238032,2015,"WV","morgantown","west virginia university"
238032,2018,"WV","morgantown","west virginia university"
238032,2021,"WV","morgantown","west virginia university"
239105,2000,"WI","milwaukee","marquette university"
240444,1973,"WI","madison","university of wisconsin madison"
240444,1976,"WI","madison","university of wisconsin madison"
240444,1987,"WI","madison","university of wisconsin madison"
240444,1994,"WI","madison","university of wisconsin madison"
240444,2000,"WI","madison","university of wisconsin madison"
240444,2005,"WI","madison","university of wisconsin madison"
240444,2010,"WI","madison","university of wisconsin madison"
240444,2015,"WI","madison","university of wisconsin madison"
240444,2018,"WI","madison","university of wisconsin madison"
240444,2021,"WI","madison","university of wisconsin madison"
240453,2000,"WI","milwaukee","university of wisconsin milwaukee"
240453,2015,"WI","milwaukee","university of wisconsin milwaukee"
240453,2018,"WI","milwaukee","university of wisconsin milwaukee"
240453,2021,"WI","milwaukee","university of wisconsin milwaukee"
240727,2000,"WY","laramie","university of wyoming"
243744,1973,"CA","stanford","stanford university"
243744,1976,"CA","stanford","stanford university"
243744,1987,"CA","stanford","stanford university"
243744,1994,"CA","stanford","stanford university"
243744,2000,"CA","stanford","stanford university"
243744,2005,"CA","stanford","stanford university"
243744,2010,"CA","stanford","stanford university"
243744,2015,"CA","stanford","stanford university"
243744,2018,"CA","stanford","stanford university"
243744,2021,"CA","stanford","stanford university"
243780,1973,"IN","west lafayette","purdue university main campus"
243780,1976,"IN","west lafayette","purdue university main campus"
243780,1987,"IN","west lafayette","purdue university main campus"
243780,1994,"IN","west lafayette","purdue university main campus"
243780,2000,"IN","west lafayette","purdue university main campus"
243780,2005,"IN","west lafayette","purdue university main campus"
243780,2010,"IN","west lafayette","purdue university main campus"
243780,2015,"IN","west lafayette","purdue university main campus"
243780,2018,"IN","west lafayette","purdue university main campus"
243780,2021,"IN","west lafayette","purdue university main campus"
495767,2021,"PA","university park","the pennsylvania state university"
